Activists,Cities in Michigan,Animorph Titles,Kitchen Items,Arts and Crafts Supplies,Board Games,Bones,British Sitcoms,Butterflies,Candy,Chess Openings,Comics,Constellations,Dinosaurs and Megafauna,Dragons,Emotions,Extinct Animals,Fairy Tales,Famous Buildings,Female Scifi Authors,Pirates,Cannabis Strains,Herbs and Spices,Islands,Knots,Languages,Martial Arts Styles,Mushrooms,Disney Villains,Swords,Web Colors,Mountain Goats Songs,Words for Snow,National Parks,Pokémon,Queer Media,Rabbit Breeds,Rivers,Robots,Shakespeare Characters,Spaceships,Star Trek Characters,Tools,Types of Bread,Vehicles,Video Game Consoles
Mother Jones,Detroit,Invasion,Aeropress,Acrylic Paint,Agricola,Atlas,Fawlty Towers,Monarch,Snickers,Alapin,Maus,Andromeda,Tyrannosaurus,Fafnir,Happiness,Atlas Bear,The Boots of Buffalo Leather,Eiffel Tower,Octavia E. Butler,Edward Teach,Acapulco Gold,Basil,New Guinea,Alpine Butterfly,Icelandic,Aikido,Amber Jelly,Queen Grimhilde,Excalibur,AliceBlue,Going to Dade County,Akelrorak,Badlands,Bulbasaur,All About My Mother,American Sable,Nile,R2-D2,Hamlet,A-Wing,Adira Tal,Air compressor,Arepa,Aircraft carrier,Philips CD-i
Toussaint Louverture,Grand Rapids,Visitor,Anban,Buttons,Arkham Horror,Axis,Dad’s Army,Painted Lady,Milky Way,Albin,Persepolis,Antlia,Velociraptor,Níðhöggr,Delight,Aurochs,Bremen Town Musicians,Fallingwater,Ursula K. Le Guin,Calico Jack,Afghan Kush,Oregano,Borneo,Angler’s Loop,Breton,Baguazhang,Artist’s Conk,Maleficent,Caliburn,AntiqueWhite,Prana Ferox,Aniusarpoq,Big Bend,Ivysaur,Blue Is the Warmest Color,Angora,Amazon,C-3PO,Claudius,Andromeda Ascendant,Alexander Rozhenko,Allen wrench,Bagel,Ambulance,Magnavox Odyssey
Amílcar Cabral,Sterling Heights,Encounter,Blender,Cardstock,Azul,Calcaneus,Steptoe and Son,Red Admiral,Twix,Alekhine,Ghost World,Aquarius,Allosaurus,Ladon,Pleasure,Bachman’s Warbler,Brother Lustig,Leaning Tower of Pisa,N. K. Jemisin,Anne Bonny,Durban Poison,Thyme,Madagascar,Bachmann,Basque,Bajiquan,Bear’s Head Tooth,Lady Tremaine,Durandal,Bisque,Alpha Rat's Nest,Apingaut,Biscayne,Venusaur,Bound,Argente de Champagne,Yangtze,BB-8,Gertrude,Arcadia,Benjamin Sisko,Auger,Baguette,Bicycle,Odyssey 2
Rosa Parks,Ann Arbor,Message,Bottle Opener,Charcoal Stick,Backgammon,Capitate,Only Fools and Horses,Mourning Cloak,Kit Kat,Amar,Eightball,Aries,Spinosaurus,Typhon,Elation,Bluebuck,The Clever Little Tailor,Burj Khalifa,Anne McCaffrey,Mary Read,Maui Wowie,Rosemary,Sumatra,Bowline,Hungarian,Bartitsu,Bitter Bolete,Honest John,Joyeuse,BlanchedAlmond,Going to Georgia,Apulaitok,Black Canyon of the Gunnison,Charmander,Boys Don’t Cry,Belgian Hare,Mississippi,K-2SO,Ophelia,Bebop,Christine Chapel,Band saw,Bannock,Cable car,Atari 2600
Harriet Tubman,Lansing,Predator,Bread Warmer,Clothespins,Bohnanza,Clavicle,Yes Minister,Cabbage White,Skittles,Anderssen,Love and Rockets,Boötes,Carnotaurus,Vritra,Excitement,Bonin Thrush,The Crumbs on the Table,Empire State Building,Margaret Atwood,Henry Morgan,Panama Red,Sage,Honshu,Buntline Hitch,Romanian,Boxing,Black Trumpet,The Queen of Hearts,Curtana,BurlyWood,Baboon,Aputainnarowok,Bryce Canyon,Charmeleon,Brokeback Mountain,Blanc de Hotot,Yenisei,WALL-E,Polonius,Bird-of-Prey,Christopher Pike,Bar clamp,Batard,Canoe,Fairchild Channel F
Leo Tolstoy,Dearborn,Capture,Butter Bell,Colored Pencils,Carcassonne,Coccyx,Open All Hours,Orange Sulphur,Starburst,Averbakh,Asterios Polyp,Camelopardalis,Dilophosaurus,Tiamat,Love,Bramble Cay Melomys,Death's Messengers,Sydney Opera House,Connie Willis,William Kidd,Lamb’s Bread,Parsley,Sulawesi,Carrick Bend,Bulgarian,Brazilian Jiu-Jitsu,Bleeding Tooth,Cruella de Vil,Balmung,CadetBlue,Game Shows Touch Our Lives,Ariloqaq,Capitol Reef,Charizard,But I’m a Cheerleader,Britannia Petite,Paraná,Johnny 5,Laertes,Challenger,Deanna Troi,Belt sander,Bauernbrot,Covered wagon,Bally Astrocade
Lech Wałęsa,Livonia,Stranger,Can opener,Construction Paper,Chess,Cuboid,Are You Being Served?,Brimstone,Butterfinger,Balogh,Palookaville,Cancer,Ceratosaurus,Bakunawa,Affection,Bubal Hartebeest,The Devil's Sooty Brother,Notre-Dame Cathedral,James Tiptree Jr.,Bartholomew Roberts,Northern Lights,Cilantro,Cuba,Cat’s Paw,Serbian,Bujinkan Budo Taijutsu,Brick Cap,Shere Khan,Tyrfing,Chartreuse,Pure Love,Hlluktorpok,Carlsbad Caverns,Squirtle,C.R.A.Z.Y.,Checkered Giant,Lena,Gort,Macbeth,Dark Aster,Erica Ortegas,Bench grinder,Boule,Cruise ship,ColecoVision
Kwame Nkrumah,Macomb,Secret,Cherry Pitter,Crayons,Codenames,Ethmoid,The Good Life,Zebra Longwing,Baby Ruth,Barnes,Groo the Wanderer,Canis Major,Deinonychus,Glaurung,Tenderness,Bulldog Rat,Doctor Know-all,The Shard,Becky Chambers,Charles Vane,Super Silver Haze,Dill,Iceland,Chinese Button,Croatian,Dim Mak,Charcoal Burner,Prince John,Dáinsleif,CornflowerBlue,Alpha Sun Hat,Igadug,Channel Islands,Wartortle,Call Me by Your Name,Crème d’Argent,Mekong,Bender,Lady Macbeth,Pegasus,Gabriel Lorca,Block plane,Brioche,Dirigible,Intellivision
Gloria Steinem,Westland,Android,Cookie Sheet,Cutting Mat,Concordia,Femur,Keeping Up Appearances,Gulf Fritillary,3 Musketeers,Benko,Daytripper,Capricornus,Baryonyx,Ancalagon,Fondness,Cape Verde Giant Skink,Donkey Cabbages,The Louvre,Mary Shelley,Stede Bonnet,Jack Herer,Tarragon,Mindanao,Clove Hitch,Albanian,Drunken Boxing,Chicken of the Woods,Madam Mim,Mistilteinn,Cornsilk,Night Light,Kaiyuglak,Congaree,Blastoise,Edge of Seventeen,English Spot,Mackenzie,Gigolo Joe,Banquo,Defiant,Geordi La Forge,Bolt cutters,Brotchen,Dog sled,Vectrex
Martin Luther King Jr.,Farmington Hills,Forgotten,Daunglan,Elastic Cord,Cosmic Encounter,Fibula,Blackadder,Common Buckeye,Almond Joy,Benoni,Underwater Welder,Cassiopeia,Suchomimus,Scatha,Gratitude,Caribbean Monk Seal,The Dragon and his Grandmother,Pompidou Centre,Joanna Russ,Edward Low,Trainwreck,Marjoram,Hokkaido,Cow Hitch,Arabic,Eagle Claw,Comb Tooth,Madame Medusa,Kusanagi-no-Tsurugi,DodgerBlue,Tollund Man,Kalutoganiq,Crater Lake,Caterpie,Euphoria,Flemish Giant,Volga,Necron 99,Macduff,Akatsuki,Gowron,Box cutter,Challah,Dragster,Emerson Arcadia 2001
W. E. B. Du Bois,Flint,Reaction,Decanter,Embroidery Floss,Diplomacy,Frontal,To the Manor Born,American Lady,Mounds,Botvinnik,"Good-Bye, Chunky Rice",Centaurus,Compsognathus,Smaug,Appreciation,Carolina Parakeet,The Elves and the Shoemaker,Colosseum,Nnedi Okorafor,Thomas Tew,White Rhino,Bay leaf,Sakhalin,Crown and Wall,Hebrew,Engolo,Cremini,Professor Ratigan,Zulfiqar,FireBrick,Going to Japan,Kanevcir,Cuyahoga Valley,Metapod,Everything’s Gonna Be Okay,Florida White,Danube,Terminator,Duncan,Apollo,Guinan,Calipers,Chapati,Dump truck,Nintendo Entertainment System
Emmeline Pankhurst,Wyoming,Andalite Chronicles,Dipper Well,Feathers,Dixit,Hamate,Absolutely Fabulous,Question Mark,Skor,Caro-Kann,Scott Pilgrim,Cetus,Coelophysis,The Lambton Worm,Confidence,Caspian Tiger,The Fisherman and His Wife,One World Trade Center,Andre Norton,Christopher Condent,Purple Kush,Lemon balm,Sri Lanka,Double Coin,Farsi,Eskrima,Crown-Tipped Coral,Ursula,Crocea Mors,FloralWhite,Golden Boy,Kaniktshaq,Death Valley,Butterfree,Feel Good,Harlequin,Zambezi,T-1000,Malcolm,Eagle Transporter,Gul Dukat,Chisel,Ciabatta,Dune buggy,Super Nintendo
Jane Addams,Kalamazoo,Elfangor's Journey,Egg Timer,Felt sheets,Dominion,Humerus,The Vicar of Dibley,Comma,Whoppers,Chigorin,On a Sunbeam,Chamaeleon,Mononykus,Saphira,Optimism,Chinese Paddlefish,Fitcher's Bird,Hearst Castle,C. J. Cherryh,Olivier Levasseur,Platinum OG,Sorrel,Tasmania,Figure-Eight,Kurdish,Five Animals Style,Death Cap,Gaston,Fragarach,ForestGreen,Trick Mirror,Kanut,Dry Tortugas,Weedle,Fire Island,Holland Lop,Indus,RoboCop,Juliet,Ebon Hawk,Harry Kim,Circular saw,Cornbread,Ferry,Nintendo 64
Nelson Mandela,Pontiac,Alloran's Choice,Flattop Grill,Glitter,Dune,Hyoid,One Foot in the Grave,Viceroy,Milk Duds,Clemenz,Y: The Last Man,Cygnus,Archaeopteryx,Firnen,Relief,Cuban Macaw,Frau Trude,The Taj Mahal,Martha Wells,Jean Lafitte,Sour Diesel,Epazote,Svalbard,Fisherman’s Eye,Hindi,Gatka,Destroying Angel,Jafar,Claíomh Solais,Fuchsia,Woke Up New,Karakartanaq,Everglades,Kakuna,Funeral Parade of Roses,Jersey Wooly,Brahmaputra,Optimus Prime,Romeo,Enterprise,Harry Mudd,Claw hammer,Dinner roll,Fire engine,Nintendo GameCube
Karl Marx,Taylor,An Alien Dies,Food Processor,Glue sticks,Gloomhaven,Ilium,Drop the Dead Donkey,Small Tortoiseshell,Tootsie Roll,Colle,Paper Girls,Delphinus,Anchiornis,Iskierka,Contentment,Dodo,The Frog Prince,Big Ben,Ann Leckie,Zheng Yi,Blue Dream,Shiso,Sardinia,Flemish Bend,Urdu,Hapkido,Devil’s Fingers,Scar,Caladbolg,Gainsboro,Age of Kings,Katiksugnik,Gates of the Arctic,Beedrill,Harley Quinn,Lionhead,Ganges,Megatron,Mercutio,Event Horizon,Hikaru Sulu,Combination square,Flatbread,Fishing boat,Wii
Fannie Lou Hamer,Dearborn Heights,Warning,Honing Steel,Googly Eyes,Hanabi,Incus,Father Ted,Gatekeeper,Charleston Chew,Double Fianchetto,Ex Machina,Dorado,Yutyrannus,Mnementh,Peacefulness,Elephant Bird,The Girl Without Hands,Cathedral of Brasilia,Lois McMaster Bujold,Cheung Po Tsai,Purple Urkle,Culantro,Sicily,Half Hitch,Punjabi,Hung Gar,Dryad’s Saddle,Governor Ratcliffe,Andúril,GhostWhite,Fall of the Star High School Running Back,Kiksrukak,Gateway Arch,Pidgey,Hazbin Hotel,Rhinelander,Tigris,Bumblebee,Tybalt,Excelsior,Jadzia Dax,Crimping tool,Focaccia,Forklift,Nintendo Switch
Andrei Sakharov,St. Clair Shores,Underground,Immersion Blender,Hole Punch,Hive,Ischium,Goodness Gracious Me,Ringlet,Sugar Daddy,Durkin,The Walking Dead,Draco,Brachiosaurus,Faranth,Tranquility,Golden Toad,The Glass Coffin,Edificio Metropolis,Suzanne Collins,Hayreddin Barbarossa,Sunset Sherbet,Coriander,Corsica,Harness Loop,Marathi,Iaido,Fly Agaric,Claude Frollo,Narsil,GoldenRod,Downtown Seoul,Kimaugruk,Glacier Bay,Pidgeotto,Heartstopper,Silver Fox,Euphrates,Soundwave,Benvolio,Forward Unto Dawn,Jonathan Archer,Crowbar,Hamburger bun,Freight train,Game Boy Advance
Simone de Beauvoir,Royal Oak,Decision,Jar Opener,Hot Glue,John Company,Lacrimal,Coupling,Meadow Brown,Bit-O-Honey,Giuoco Piano,Invincible,Equuleus,Apatosaurus,Vermithrax Pejorative,Comfort,Great Auk,Godfather Death,Chrysler Building,Tomi Adeyemi,Sayyida al-Hurra,Wedding Cake,Cumin,Crete,Highwayman’s Hitch,Tamil,Istunka,Fool’s Webcap,Hades,Sting,HoneyDew,The Water Song,Mangokpok,Grand Canyon,Pidgeot,Heated Rivalry,Silver Marten,Rio Grande,Shockwave,Friar Laurence,Galactica,Joseph M’Benga,Drill bit,Hot dog bun,Garbage truck,Nintendo DS
Audre Lorde,Kentwood,Departure,Juicer,Ink Roller,Kemet,Lunate,Spaced,Speckled Wood,Zagnut,Grob,Black Science,Eridanus,Diplodocus,Toothless,Sadness,Harelip Sucker,Hans My Hedgehog,Kunsthaus Graz,Leigh Bardugo,Laurens de Graaf,Zkittlez,Caraway,Cyprus,Hunter’s Bend,Telugu,Jeet Kune Do,Funeral Bell,Shan Yu,Glamdring,HotPink,Source Decay,Mauyasiropok,Great Sand Dunes,Rattata,Hedwig and the Angry Inch,Standard Chinchilla,Saint Lawrence,Voltron,Othello,Heart of Gold,Joseph Sisko,Drill press,Injera,Go-kart,Sega Genesis
Mahatma Gandhi,Battle Creek,Discovery,Karuwa,Jewelry Wire,King of Tokyo,Malleus,Stath Lets Flats,Grayling,Valomilk,Grünfeld,Deadly Class,Fornax,Camarasaurus,Falkor,Sorrow,Heath Hen,Hansel and Gretel,Heydar Aliyev Center,Ariel Djanikian,Michel de Grammont,Strawberry Cough,Fennel,Rhodes,Icicle Hitch,Kannada,Kajukenbo,Giant Funnel,Yzma,Orcrist,IndianRed,Elijah,Natatgo Naq,Guadalupe Mountains,Raticate,Helluva Boss,Thrianta,Potomac,Astro Boy,Roderigo,Lexx,Julian Bashir,Hacksaw,Johnnycake,Golf cart,Sega Dreamcast
Rosa Luxemburg,Roseville,Hork-Bajir Chronicles,Knife Block,Markers,Le Havre,Mandible,Nighty Night,Wall Brown,Caramello,Keres,Monstress,Gemini,Mamenchisaurus,Bahamut,Grief,Honshu Wolf,The Hare's Bride,The White House,Madeleine L'Engle,Roche Braziliano,Pineapple Express,Anise,Lesbos,Jug Sling,Malayalam,Kalaripayattu,Giant Puffball,Alameda Slim,Anglachel,LavenderBlush,Dilaudid,Navcaq,Haleakalā,Spearow,I May Destroy You,Cashmere,Hudson,Calculon,King Lear,Millennium Falcon,Khan Noonien Singh,Hand saw,Khubz,Helicopter,Sony PlayStation
Frederick Douglass,Chesterfield,Pretender,Lemon Squeezer,Masking Tape,Lords of Vegas,Manubrium,Garth Marenghi’s Darkplace,Marbled White,Rolo,Larsen,Descender,Horologium,Iguanodon,Ashardalon,Melancholy,Imperial Woodpecker,The Hut in the Forest,Gherkin Tower,Sharon Shinn,Daniel Montbars,Tangie,Star anise,Ibiza,Klemheist,Malay,Kendo,Glistening Inkcap,Dr. Facilier,Gurthang,LawnGreen,Heretic Pride,Navcite,Hot Springs,Fearow,My Own Private Idaho,Continental Giant,Chattahoochee,Ultron,Goneril,Moya,Kira Nerys,Hex key,Kifli,Horse carriage,Xbox 360
Thomas Sankara,East Lansing,Suspicion,Magic Bullet,Mod Podge,Monikers,Maxilla,Nathan Barley,Glasswing,100 Grand,Maroczy Bind,Gideon Falls,Lacerta,Hadrosaurus,Klauth,Loneliness,Jamaican Giant Galliwasp,Iron John,Sagrada Familia,Pamela Sargent,Jean-David Nau,Lemon Skunk,Fenugreek,Malta,Lark’s Head,Tagalog,Krabi-Krabong,Golden Chanterelle,Mother Gothel,Ringil,LemonChiffon,Hast Thou Considered the Tetrapod?,Nittaalaq,Indiana Dunes,Ekans,Nimona,Dwarf Lop,Apalachicola,Vision,Prospero,Normandy SR-1,Leonard McCoy,Impact driver,Kulcha,Hot air balloon,TurboGrafx-16
Eugene V. Debs,Saginaw,Extreme,Makitra,Modeling Clay,Monopoly,Nasal,The Mighty Boosh,Blue Morpho,Krackel,Najdorf,The Department of Truth,Leo,Lambeosaurus,Iymrith,Despair,Japanese Sea Lion,The Iron Stove,Petronas Towers,S. A. Chakraborty,Benito de Soto,Orange Bud,Ajwain,Fuerteventura,Magnus Hitch,Mandarin,Krav Maga,Golden Teacher,Bellwether,Galatine,LimeGreen,Michael Myers Resplendent,Nittaatsuq,Isle Royale,Arbok,Orlando,English Silver,Tombigbee,Baymax,Caliban,Nostromo,Lwaxana Troi,Jack plane,Laffa,Hovercraft,Neo Geo
Ida B. Wells,Midland,Exposed,Mandoline,Oil Pastels,Mysterium,Navicular,Psychoville,Malachite,Nerds,Nimzowitsch,Something Is Killing the Children,Libra,Corythosaurus,Beryllinthranox,Hopelessness,Labrador Duck,King Thrushbeard,Flatiron Building,Maggie Stiefvater,Nathaniel Gordon,Wedding Pie,Black pepper,Madeira,Marlinespike Hitch,Cantonese,Kuk Sool Won,Green-Spored Parasol,King Candy,Arondight,MidnightBlue,Up the Wolves,Nutagaq,Joshua Tree,Pikachu,Our Flag Means Death,Fox Rabbit,Brazos,Iron Giant,Alonso,Pillar of Autumn,Martok,Jigsaw,Lembas,Jet ski,WonderSwan
Angela Davis,Lincoln Park,Experiment,Mixer,Paint Brush,Reversi,Occipital,League of Gentlemen,Leafwing,Gobstoppers,Panov,The Nice House on the Lake,Lyra,Maiasaura,Khisanth,Guilt,Laughing Owl,Lazy Henry,Sacre-Coeur Basilica,Julian May,Jean Fleury,Death Star,Allspice,Porto Santo,Matthew Walker,Swahili,Kyudo,Indigo Milk Cap,Tamatoa,Carnwennan,MintCream,Damn These Vampires,Nutaryuk,Katmai,Raichu,Paris Is Burning,Giant Papillon,Pecos,Claptrap,Gonzalo,Raider,Michael Burnham,Lathe,Mantou,Kayak,SwanCrystal
Susan B. Anthony,Muskegon,Sickness,Mortar,Pipe Cleaners,Pandemic,Palatine,Brass Eye,Swallowtail,Laffy Taffy,Petroff,Killadelphia,Musca,Ankylosaurus,Onysablet,Shame,Maclear’s Rat,Looking for a Bride,Space Needle,Marion Zimmer Bradley,Klaus Störtebeker,Black Mamba,Clove,São Miguel,Monkey’s Fist,Amharic,Luta Livre,Jack-o’-Lantern,Te Kā,Secace,MistyRose,In the Craters on the Moon,Pirsuq,Kenai Fjords,Sandshrew,Portrait of a Lady on Fire,Gotland Rabbit,Thames,HK-47,Bassanio,Razor Crest,Miles O’Brien,Mallet,Marble rye,Lifeboat,Apple Pippin
Chico Mendes,Eastpointe,Reunion,Kettle,Plaster of Paris,Pax Pamir,Parietal,Ghosts,Buckeye,Bottle Caps,Philidor,Uzumaki,Octans,Nodosaurus,Malystryx,Embarrassment,Moa,Maid Maleen,Tower Bridge,Mary Robinette Kowal,Gödeke Michels,Grape Ape,Cinnamon,Terceira,Munter Hitch,Yoruba,Mardani Khel,Jelly Ear,Chernabog,Stormbringer,Moccasin,Oceanographer's Choice,Pirta,Kings Canyon,Sandslash,"Priscilla, Queen of the Desert",Holland Dwarf,Rhine,IG-88,Nerissa,Red Dwarf,Montgomery Scott,Milling machine,Matzo,Locomotive,Gizmondo
Frantz Fanon,Bay City,Conspiracy,Oven Squirrel,Plastic Beads,Power Grid,Patella,Fleabag,Hairstreak,Spree,Pirc,My Favorite Thing Is Monsters,Ophiuchus,Triceratops,Khellendros,Disappointment,Passenger Pigeon,Mother Hulda,Dancing House,Kelly Link,Howell Davis,LA Confidential,Cassia,Bermuda,Noose,Igbo,Monkey Kung Fu,Lantern Stinkhorn,The Horned King,Mournblade,OldLace,Attention All Pickpockets,Pirtuk,Kobuk Valley,Nidoran♀,Rafiki,Jamora,Vistula,K-9,Calpurnia,Reliant,Neelix,Multimeter,Miche,Lunar rover,N-Gage
Dorothy Day,Bedford,Separation,Oyster Glove,Pom-Poms,Quoridor,Pisiform,Derry Girls,Skipper,Pop Rocks,Ponziani,Lucifer,Orion,Styracosaurus,Gellidus,Frustration,Pig-footed Bandicoot,The Nixie of the Mill-Pond,The Guggenheim,Veronica Roth,Richard Worley,Critical Mass,Nutmeg,Jamaica,Overhand,Xhosa,Muay Boran,Liberty Cap,Edgar Balthazar,Dragnipur,Orchid,Lion's Teeth,Pokaktok,Lake Clark,Nidorina,Schitt’s Creek,Japanese Harlequin,Dnieper,Kryten,Enobarbus,Rocinante,Nyota Uhura,Nail gun,Milk bun,Monorail,Ouya
César Chávez,Jackson,Illusion,Paila,Popsicle Sticks,Race for the Galaxy,Radius,Catastrophe,Metalmark,Pixy Stix,Réti,Hellblazer,Pavo,Protoceratops,Balerion,Irritation,Pyrenean Ibex,Old Hildrebrand,Marina Bay Sands,Kameron Hurley,Thomas Anstis,Charlotte’s Web,Cardamom,Puerto Rico,Perfection Loop,Hausa,Ninjutsu,Lion’s Mane,Percival C. McLeach,Grayswandir,PapayaWhip,Home Again Garden Grove,Pukaangajuq,Lassen Volcanic,Nidoqueen,Sense8,Meissner Lop,Rhone,Marvin the Paranoid Android,Oberon,Serenity,Odo,Needle-nose pliers,Monkey bread,Motorcycle,Nvidia Shield
Václav Havel,Burton,Prophecy,Pastry brush,Protractor,Risk,Sacrum,Alma’s Not Normal,Admiral,Fun Dip,Rubinstein,The Invisibles,Corina,Stygimoloch,Vhagar,Annoyance,Quagga,The Old Woman in the Wood,Reichstag Building,Elizabeth Moon,George Lowther,Cannatonic,Mahleb,Guadeloupe,Prusik,Quechua,Pencak Silat,Maitake,Professor Robert Callaghan,Werewindle,PeachPuff,Lovecraft in Brooklyn,Pukajaw,Mammoth Cave,Nidoran♂,She-Ra and the Princesses of Power,New Zealand Red,Loire,Andrew Martin,Titania,Shadow Battlecrab,Paul Stamets,Pickaxe,Naan,Pickup truck,Playdate
Sojourner Truth,Southgate,Proposal,Pie bird,PVA Glue,Root,Scaphoid,Ever Decreasing Circles,Empress,Swedish Fish,Ruy Lopez,Doom Patrol,Perseus,Dracorex,Meraxes,Anger,Reunion Ibis,The Pied Piper of Hamelin,Transamerica Pyramid,Malka Older,Long John Silver,Pennywise,Turmeric,Dominica,Reef Knot,Aymara,Pradal Serey,Morel,Bill Sykes,Terminus Est,PowderBlue,Seed Song,Pukak,Mesa Verde,Nidorino,Shiva Baby,Sallander,Seine,BMO,Puck,Star Destroyer,Pavel Chekov,Pipe wrench,Pane carasau,Rickshaw,Evercade
bell hooks,Oak Park,Visser,Potholder,Ribbon,Scout,Scapula,Love Thy Neighbour,Sister,Sour Patch Kids,Sämisch,American Splendor,Pictor,Stegosaurus,Drogon,Rage,Rodrigues Solitaire,Rapunzel,Radio City Music Hall,Mercedes Lackey,Captain Flint,Newer Designer Strains,Ginger,Martinique,Rolling Hitch,Nahuatl,Savate,Oak Bracket,Clayton,Longclaw,RebeccaPurple,Family Happiness,Qaniit,Mount Rainier,Nidoking,Steven Universe,Silver Grey Dwarf,Garonne,Tachikoma,Lysander,Stargazer,Q,Plumb bob,Panettone,Rowboat,Polymega
Ella Baker,Port Huron,Mutation,Pudding Cloth,Scissors,Scrabble,Sphenoid,The Young Ones,Eggfly,Gummy Worms,Saragossa,The Fabulous Furry Freak Brothers,Pisces,Pteranodon,Rhaegal,Resentment,Round Island Burrowing Boa,The Robber Bridegroom,Lotus Temple,Sheri S. Tepper,Billy Bones,Permanent Marker,Galangal,Saint Lucia,Sailor’s Knife,Klingon,Seven Star Praying Mantis,Porcini,Commander Lyle Rourke,Needle,RosyBrown,Estate Sale Sign,Qanipalaat,New River Gorge,Clefairy,Tangerine,Swiss Fox,Guadalquivir,Chappie,Hermia,Sulaco,Quark,Putty knife,Paratha,Sailboat,Speak & Spell
John Lewis,Madison Heights,Weakness,Roasting Pan,Sculpey,Spirit Island,Stapes,Filthy Rich & Catflap,Rajah,Jelly Beans,Scheveningen,Omaha the Cat Dancer,Puppis,Rhamphorhynchus,Viserion,Bitterness,Saint Helena Giant Earwig,Rumpelstiltskin,Frost Tower,Mary Doria Russell,Israel Hands,Gary Payton,Saffron,Barbados,Shakehands Bend,Dothraki,Shorinji Kempo,Portobello,Helga Sinclair,Heartsbane,SaddleBrown,The Mess Inside,Qanir,North Cascades,Clefable,"The Adventures of Priscilla, Queen of the Desert",Teddy Dwarf,Tiber,Battle Angel Alita,Demetrius,Swordfish II,Sarek,Ratchet,Parotta,Scooter,Little Professor
Rachel Carson,Allen Park,Familiar,Salad Spinner,Sculpting Tools,Splendor,Sternum,The IT Crowd,Begum,Mike and Ike,Semi-Slav,Cerebus,Pyxis,Mosasaurus,Caraxes,Jealousy,Sea Mink,The Sea-Hare,Dome of the Rock,Gwyneth Jones,Captain Hook,London Pound Cake,Annatto,Grenada,Sheepshank,High Valyrian,Shuai Jiao,Psilocybe cubensis,Shenzi,Oathkeeper,SandyBrown,Dance Music,Qanisqineq,Petrified Forest,Vulpix,The Birdcage,Trianta,Litani,Tom Servo,Falstaff,Tantive IV,Sylvia Tilly,Screwdriver,Paska,Skateboard,Mattel Aquarius
Hannah Arendt,Hamtramck,Unexpected,Salt Pig,Sequins,Stratego,Talus,Black Books,Jezebel,Hot Tamales,Spielmann,Stray Bullets,Reticulum,Plesiosaurus,Syrax,Envy,Slender-billed Curlew,The Singing Bone,Hagia Sophia,Katherine Arden,Mr. Smee,Cereal Milk,Paprika,Trinidad,Sheet Bend,Quenya,Silat Harimau,Scaly Hedgehog,Banzai,Widow’s Wail,SeaGreen,Autoclave,Qannirsuq,Rocky Mountain,Ninetales,The Death and Life of Marsha P. Johnson,Velveteen,Orontes,Skynet,Prince Hal,TARDIS,T’Pol,Sledgehammer,Pita,Snowmobile,LeapPad
A. Philip Randolph,Inkster,Revelation,Scotch hands,Spray Adhesive,Tak,Temporal,Fresh Meat,Wanderer,Twizzlers,Sveshnikov,King-Cat Comics,Sagittarius,Ichthyosaurus,Meleys,Distrust,Steller’s Sea Cow,Snow White,Saint Basil's Cathedral,Pat Cadigan,Jack Sparrow,Gelonade,Cayenne,Tobago,Square Lashing,Sindarin,Systema,Scarlet Elf Cup,King Magnifico,Blackfyre,SeaShell,No Children,Qanugglir,Shenandoah,Jigglypuff,The Hunger,Vienna Blue,Irtysh,Dot Matrix,Pericles,TIE Fighter,T’Pring,Socket wrench,Pullman loaf,Speedboat,Microvision
Wangari Maathai,Norton Shores,Deception,Slow Cooker,Stencils,Terra Mystica,Tibia,Bad Education,Lacewing,Turkish Delight,Taimanov,Watchmen,Scorpius,Dimetrodon,Sunfyre,Contempt,Tarpan,The Spirit in the Bottle,Dresden Frauenkirche,Melissa Scott,Hector Barbossa,Tropicana Cookies,Chili powder,Aruba,Stevedore,Black Speech,Taekwondo,Shaggy Mane,Ernesto de la Cruz,Dark Sister,Sienna,Pale Green Things,Qanunge,Theodore Roosevelt,Wigglytuff,The L Word,Weynette,Salween,Twiki,Cymbeline,USCSS Covenant,Tasha Yar,Soldering iron,Pumpernickel,Stagecoach,Merlin handheld
Mary Wollstonecraft,Wyandotte,Resistance,Strainer,Stickers,Through the Ages,Trapezium,Raised by Wolves,Sergeant,Violet Crumble,Tarrasch,Astro City,Serpens,Cynognathus,Alduin,Disgust,Tasmanian Tiger,Sweet Porridge,St Peter's Basilica,Emily Tesh,Will Turner,Forbidden Fruit,Gochugaru,Bonaire,Surgeon’s Loop,Huttese,Tai Chi,Shiitake,Prince Hans,Frostmourne,SkyBlue,Love Love Love,Qinuq,Virgin Islands,Zubat,The Miseducation of Cameron Post,White Vienna,Irrawaddy,Robbie the Robot,Leonato,Viper,Tomalak,Spokeshave,Roggenbrot,Steamroller,3DO Interactive Multiplayer
Thich Nhat Hanh,Frenchtown,Ellimist Chronicles,Spoon Rest,Tracing Paper,Tichu,Triquetrum,Monty Python’s Flying Circus,Sailor,Aero,Torre,Akira,Taurus,Megalodon,Paarthurnax,Revulsion,Tecopa Pupfish,Sweetheart Roland,CN Tower,Rebecca M. Meluch,Monkey D. Luffy,Miracle Alien Cookies,Sumac,Tahiti,Taut-Line Hitch,Simlish,Tang Soo Do,Turkey Tail,Evelyn Deavor,Ashbringer,SpringGreen,Against Pollution,Sillik,Voyageurs,Golbat,The Owl House,Würger,Dniester,Mechagodzilla,Beatrice,Voyager,Tuvok,Stud finder,Scotch baps,Submarine,Amstrad GX4000
Malcolm X,Mount Pleasant,Diversion,Stock Pot,Washi Tape,Ticket to Ride,Ulna,A Bit of Fry & Laurie,Crow,Smarties,Trompowsky,Lone Wolf and Cub,Tucana,Dunkleosteus,Rathalos,Fear,Thicktail Chub,Thousandfurs,Brandenburg Gate,Seanan McGuire,Buggy the Clown,Slurricane,Za’atar,Bora Bora,Timber Hitch,Nadsat,Vajra Mushti,Velvet Shank,Syndrome,Soul Calibur,SteelBlue,Jaipur,Siqoq,White Sands,Oddish,Rocky Horror Picture Show,Zemmouri,Limpopo,Gigantor,Benedick,White Star,Una Chin-Riley,Table saw,Shaobing,Tractor,FM Towns Marty
Greta Thunberg,Ypsilanti,Ultimate,Tortilla Warmer,Watercolor Paint,Twilight Imperium,Vomer,The Catherine Tate Show,Glassy Tiger,Toblerone,Van’t Kruijs,Tekkonkinkreet,Virgo,Smilodon,Shenron,Terror,Toolache Wallaby,Trusty John,Bibliotheca Alexandrina,Naomi Novik,Captain Blood,Jungle Cake,Garam masala,Vanua Levu,Turk’s Head,Esperanto,White Crane,Witch’s Butter,Sid Phillips,Darksaber,Thistle,The Best Ever Death Metal Band in Denton,Sissuk,Wind Cave,Gloom,The Watermelon Woman,Czech Spotted Rabbit,Jubba,Metal Sonic,Don Pedro,X-Wing,Wesley Crusher,Tape measure,Sourdough,Train,Hyperscan
William Lloyd Garrison,Ferndale,Absolute,Vacuum Sealer,X-Acto Knife,War of the Ring,Xiphoid,The League of Gentlemen,Clip­per,Pocky,Veresov,Blacksad,Volans,Megatherium,Mushu,Unease,Western Black Rhinoceros,The Turnip,Burj Al Arab,Nancy Kress,Yellowbeard,Motorbreath,Curry powder,Bali,West Country Whipping,Lojban,Wing Chun,Wood Blewit,Emperor Zurg,Sword of Omens,Wheat,This Year,Sullarniq,Yellowstone,Vileplume,Torch Song Trilogy,Danish White,Shabelle,E-102 Gamma,Orsino,Y-Wing,William Riker,Wire cutters,Tortilla,Tuk-tuk,Game Gear
Friedrich Engels,Trenton,Sacrifice,Vegetable Peeler,Yarn,Wavelength,Zygomatic,That Mitchell and Webb Look,Nawab,Hi-Chew,Winawer,V For Vendetta,Vulpecula,Glyptodon,Orochi,Apprehension,Yangtze River Dolphin,The Wedding of Mrs. Fox,Angkor Wat,R.F. Kuang,The Dread Pirate Roberts,Wedding Crasher,Pandan,Timor,Zeppelin Bend,Toki Pona,Xingyiquan,Yellow Knight,Michael Yagoobian,Vorpal Sword,WhiteSmoke,Cotton,Upsik,Yosemite,Paras,Velvet Goldmine,Deilenaar,Waikato,Asimo,Malvolio,Yamato,Worf,Wire stripper,Tsoureki,Yacht,Atari Lynx